{
    "duration": 2.4038774967193604,
    "lossless": 1.0,
    "codec": "pcm_s16le",
    "bitrate": 705600.0,
    "samplerate": 44100.0,
    "channels": 1.0,
    "audio_md5": "5d7cf25412fa872c9d7b3e1cf1fdc37c",
    "loudness": -16.782115936279297,
    "dynamic_range": 0.0,
    "temporal_centroid": 0.38495683670043945,
    "log_attack_time": -1.7823072671890259,
    "filesize": 212142,
    "key": "F minor",
    "key_confidence": 0.321540892124176,
    "bpm": 199,
    "bpm_confidence": 0.0,
    "bpm_loop": 134,
    "bpm_loop_confidence": 0.540368914604187,
    "single_event": 0,
    "note_midi": 62,
    "note_name": "C#4",
    "note_frequency": 289.3584330203451,
    "note_confidence": 0.2558099627494812
}
